timestamp,ip_src,ip_dst,ip_proto,sport,dport,tcp_flags,anomaly_flag,label
11:15.0,192.168.173.24,224.0.0.251,17,5353,5353,0,0,normal
11:17.0,192.168.173.51,192.168.173.24,17,59857,53,0,0,normal
11:17.1,192.168.173.24,192.168.173.51,17,53,59857,0,0,normal
11:17.1,192.168.173.51,192.168.173.24,6,58337,53,S,0,normal
11:17.1,192.168.173.24,192.168.173.51,6,53,58337,SA,0,normal
11:17.1,192.168.173.51,192.168.173.24,6,58337,53,A,0,normal
11:17.1,192.168.173.51,192.168.173.24,6,58337,53,PA,0,normal
11:17.1,192.168.173.24,192.168.173.51,6,53,58337,A,0,normal
11:17.2,192.168.173.24,192.168.173.51,6,53,58337,PA,0,normal
11:17.3,192.168.173.51,192.168.173.24,6,58337,53,A,0,normal
11:17.3,192.168.173.24,192.168.173.51,6,53,58337,PA,0,normal
11:17.3,192.168.173.51,192.168.173.24,6,58337,53,FA,0,normal
11:17.3,192.168.173.24,192.168.173.51,6,53,58337,FA,0,normal
11:17.4,192.168.173.51,192.168.173.24,6,58337,53,A,0,normal
11:17.4,192.168.173.51,20.50.88.238,6,58338,443,S,0,normal
11:17.4,192.168.173.51,20.192.44.78,6,50801,443,PA,0,normal
11:17.5,20.50.88.238,192.168.173.51,6,443,58338,SA,0,normal
11:17.5,192.168.173.51,20.50.88.238,6,58338,443,A,0,normal
11:17.5,192.168.173.51,20.50.88.238,6,58338,443,PA,0,normal
11:17.8,192.168.173.51,20.192.44.78,6,50801,443,PA,0,normal
11:17.8,20.50.88.238,192.168.173.51,6,443,58338,PA,0,normal
11:17.8,20.192.44.78,192.168.173.51,6,443,50801,A,0,normal
11:17.8,192.168.173.51,20.50.88.238,6,58338,443,PA,0,normal
11:17.9,192.168.173.51,20.50.88.241,6,63806,443,FA,0,normal
11:18.0,20.192.44.78,192.168.173.51,6,443,50801,A,0,normal
11:18.1,20.50.88.238,192.168.173.51,6,443,58338,A,0,normal
11:18.1,20.50.88.238,192.168.173.51,6,443,58338,A,0,normal
11:18.1,192.168.173.51,20.50.88.238,6,58338,443,A,0,normal
11:18.1,20.50.88.238,192.168.173.51,6,443,58338,A,0,normal
11:18.1,20.50.88.238,192.168.173.51,6,443,58338,PA,0,normal
11:18.1,192.168.173.51,20.50.88.238,6,58338,443,A,0,normal
11:18.1,192.168.173.51,20.50.88.238,6,58338,443,PA,0,normal
11:18.1,192.168.173.51,20.50.88.238,6,58338,443,PA,0,normal
11:18.2,20.50.88.241,192.168.173.51,6,443,63806,FA,0,normal
11:18.7,192.168.173.51,20.50.88.241,6,63806,443,A,0,normal
11:18.7,192.168.173.51,20.50.88.238,6,58338,443,PA,0,normal
11:19.2,20.50.88.238,192.168.173.51,6,443,58338,PA,0,normal
11:19.2,20.50.88.238,192.168.173.51,6,443,58338,A,0,normal
11:19.2,20.50.88.238,192.168.173.51,6,443,58338,PA,0,normal
11:19.2,20.50.88.238,192.168.173.51,6,443,58338,PA,0,normal
11:19.2,20.50.88.238,192.168.173.51,6,443,58338,PA,0,normal
11:19.2,192.168.173.51,20.50.88.238,6,58338,443,A,0,normal
11:19.2,192.168.173.51,20.50.88.238,6,58338,443,A,0,normal
11:19.3,192.168.173.51,20.50.88.238,6,58338,443,A,0,normal
11:19.3,13.107.5.93,192.168.173.51,6,443,50820,RA,0,normal
11:19.3,20.50.88.238,192.168.173.51,6,443,58338,A,0,normal
11:19.5,192.168.173.51,239.255.255.250,17,53566,1900,0,0,normal
11:19.6,192.168.173.51,192.168.90.142,6,58339,7680,S,0,normal
11:19.6,192.168.173.51,192.168.200.56,6,58341,7680,S,0,normal
11:20.5,192.168.173.51,192.168.173.24,17,59857,53,0,0,normal
11:20.6,192.168.173.24,192.168.173.51,17,53,59857,0,0,normal
11:20.6,192.168.173.51,20.42.73.26,6,58343,443,S,0,normal
11:20.6,192.168.173.51,192.168.90.142,6,58339,7680,S,0,normal
11:20.7,192.168.173.51,192.168.200.56,6,58341,7680,S,0,normal
11:20.7,192.168.173.51,142.250.110.188,6,62034,5228,PA,0,normal
11:20.9,20.42.73.26,192.168.173.51,6,443,58343,SA,0,normal
11:20.9,192.168.173.51,20.42.73.26,6,58343,443,A,0,normal
11:20.9,192.168.173.51,20.42.73.26,6,58343,443,PA,0,normal
11:20.9,142.250.110.188,192.168.173.51,6,5228,62034,A,0,normal
11:21.0,142.250.110.188,192.168.173.51,6,5228,62034,PA,0,normal
11:21.0,192.168.173.51,142.250.110.188,6,62034,5228,A,0,normal
11:21.2,20.42.73.26,192.168.173.51,6,443,58343,PA,0,normal
11:21.2,192.168.173.51,20.42.73.26,6,58343,443,A,0,normal
11:21.2,192.168.173.51,20.42.73.26,6,58343,443,PA,0,normal
11:21.5,20.42.73.26,192.168.173.51,6,443,58343,A,0,normal
11:21.5,20.42.73.26,192.168.173.51,6,443,58343,A,0,normal
11:21.5,192.168.173.51,20.42.73.26,6,58343,443,A,0,normal
11:21.5,20.42.73.26,192.168.173.51,6,443,58343,A,0,normal
11:21.5,20.42.73.26,192.168.173.51,6,443,58343,A,0,normal
11:21.5,192.168.173.51,20.42.73.26,6,58343,443,A,0,normal
11:21.5,192.168.173.51,20.42.73.26,6,58343,443,A,0,normal
11:21.5,20.42.73.26,192.168.173.51,6,443,58343,PA,0,normal
11:21.5,20.42.73.26,192.168.173.51,6,443,58343,A,0,normal
11:21.6,192.168.173.51,20.42.73.26,6,58343,443,A,0,normal
11:21.6,192.168.173.51,20.42.73.26,6,58343,443,A,0,normal
11:21.6,192.168.173.51,20.42.73.26,6,58343,443,PA,0,normal
11:21.8,192.168.173.51,20.42.73.26,6,58343,443,PA,0,normal
11:21.8,20.192.44.78,192.168.173.51,6,443,50801,PA,0,normal
11:21.9,20.42.73.26,192.168.173.51,6,443,58343,PA,0,normal
11:21.9,192.168.173.51,20.42.73.26,6,58343,443,A,0,normal
11:21.9,20.42.73.26,192.168.173.51,6,443,58343,A,0,normal
11:21.9,20.42.73.26,192.168.173.51,6,443,58343,PA,0,normal
11:21.9,192.168.173.51,20.42.73.26,6,58343,443,A,0,normal
11:21.9,192.168.173.51,20.192.44.78,6,50801,443,A,0,normal
11:22.5,192.168.173.51,239.255.255.250,17,53566,1900,0,0,normal
11:22.6,192.168.173.51,192.168.90.142,6,58339,7680,S,0,normal
11:23.7,192.168.173.51,192.168.200.56,6,58341,7680,S,0,normal
11:23.7,192.168.173.51,192.168.173.24,17,59857,53,0,0,normal
11:23.8,192.168.173.24,192.168.173.51,17,53,59857,0,0,normal
11:23.8,192.168.173.51,68.219.88.225,6,58345,443,S,0,normal
11:24.8,68.219.88.225,192.168.173.51,6,443,58345,SA,0,normal
11:24.8,192.168.173.51,68.219.88.225,6,58345,443,A,0,normal
11:24.8,192.168.173.51,68.219.88.225,6,58345,443,PA,0,normal
11:25.0,68.219.88.225,192.168.173.51,6,443,58345,A,0,normal
11:25.0,68.219.88.225,192.168.173.51,6,443,58345,A,0,normal
11:25.0,68.219.88.225,192.168.173.51,6,443,58345,A,0,normal
11:25.0,68.219.88.225,192.168.173.51,6,443,58345,A,0,normal
11:25.0,192.168.173.51,68.219.88.225,6,58345,443,A,0,normal
11:25.1,68.219.88.225,192.168.173.51,6,443,58345,A,0,normal
11:25.5,68.219.88.225,192.168.173.51,6,443,58345,PA,0,normal
11:25.5,192.168.173.51,68.219.88.225,6,58345,443,A,0,normal
11:25.5,192.168.173.51,68.219.88.225,6,58345,443,PA,0,normal
11:25.5,192.168.173.51,239.255.255.250,17,53566,1900,0,0,normal
11:26.0,68.219.88.225,192.168.173.51,6,443,58345,PA,0,normal
11:26.0,68.219.88.225,192.168.173.51,6,443,58345,PA,0,normal
11:26.0,192.168.173.51,68.219.88.225,6,58345,443,A,0,normal
11:26.0,192.168.173.51,68.219.88.225,6,58345,443,PA,0,normal
11:26.3,192.168.173.51,68.219.88.225,6,58345,443,PA,0,normal
11:26.3,192.168.173.51,68.219.88.225,6,58345,443,PA,0,normal
11:26.3,68.219.88.225,192.168.173.51,6,443,58345,A,0,normal
11:26.3,68.219.88.225,192.168.173.51,6,443,58345,PA,0,normal
11:26.3,68.219.88.225,192.168.173.51,6,443,58345,PA,0,normal
11:26.3,192.168.173.51,68.219.88.225,6,58345,443,A,0,normal
11:26.3,192.168.173.51,192.168.173.24,17,59857,53,0,0,normal
11:26.3,192.168.173.24,192.168.173.51,17,53,59857,0,0,normal
11:26.6,192.168.173.51,2.22.193.98,6,58346,443,S,0,normal
11:26.6,192.168.173.51,192.168.90.142,6,58339,7680,S,0,normal
11:27.3,192.168.173.51,192.168.200.56,6,58341,7680,S,0,normal
11:27.3,2.22.193.98,192.168.173.51,6,443,58346,SA,0,normal
11:27.6,192.168.173.51,2.22.193.98,6,58346,443,A,0,normal
11:27.6,192.168.173.51,2.22.193.98,6,58346,443,PA,0,normal
11:27.6,2.22.193.98,192.168.173.51,6,443,58346,SA,0,normal
11:27.7,192.168.173.51,2.22.193.98,6,58346,443,A,0,normal
11:27.7,2.22.193.98,192.168.173.51,6,443,58346,A,0,normal
11:27.7,2.22.193.98,192.168.173.51,6,443,58346,A,0,normal
11:27.7,2.22.193.98,192.168.173.51,6,443,58346,PA,0,normal
11:27.7,2.22.193.98,192.168.173.51,6,443,58346,PA,0,normal
11:27.7,192.168.173.51,2.22.193.98,6,58346,443,A,0,normal
11:27.7,2.22.193.98,192.168.173.51,6,443,58346,A,0,normal
11:28.6,192.168.173.51,2.22.193.98,6,58346,443,A,0,normal
11:28.6,2.22.193.98,192.168.173.51,6,443,58346,A,0,normal
11:28.6,2.22.193.98,192.168.173.51,6,443,58346,PA,0,normal
11:28.6,192.168.173.51,2.22.193.98,6,58346,443,A,0,normal
11:28.6,2.22.193.98,192.168.173.51,6,443,58346,PA,0,normal
11:28.6,2.22.193.98,192.168.173.51,6,443,58346,PA,0,normal
11:28.6,13.107.42.18,192.168.173.51,6,443,50823,RA,0,normal
11:28.6,192.168.173.51,2.22.193.98,6,58346,443,A,0,normal
11:28.6,192.168.173.51,2.22.193.98,6,58346,443,PA,1,anomaly
11:28.8,2.22.193.98,192.168.173.51,6,443,58346,PA,0,normal
11:28.8,192.168.173.51,2.22.193.98,6,58346,443,PA,1,anomaly
11:29.1,2.22.193.98,192.168.173.51,6,443,58346,PA,0,normal
11:29.1,192.168.173.51,68.219.88.225,6,58345,443,PA,1,anomaly
11:29.1,192.168.173.51,2.22.193.98,6,58346,443,A,1,anomaly
11:29.9,2.22.193.98,192.168.173.51,6,443,58346,PA,0,normal
11:30.4,192.168.173.51,2.22.193.98,6,58346,443,A,1,anomaly
11:30.4,192.168.173.51,68.219.88.225,6,58345,443,PA,1,anomaly
11:31.1,68.219.88.225,192.168.173.51,6,443,58345,PA,0,normal
11:31.1,192.168.173.51,2.22.193.98,6,58346,443,PA,1,anomaly
11:31.2,192.168.173.51,68.219.88.225,6,58345,443,A,1,anomaly
11:31.3,68.219.88.225,192.168.173.51,6,443,58345,A,0,normal
11:31.4,2.22.193.98,192.168.173.51,6,443,58346,A,0,normal
11:31.4,2.22.193.98,192.168.173.51,6,443,58346,PA,0,normal
11:31.4,192.168.173.51,2.22.193.98,6,58346,443,A,1,anomaly
11:31.4,2.22.193.98,192.168.173.51,6,443,58346,A,0,normal
11:31.4,2.22.193.98,192.168.173.51,6,443,58346,PA,0,normal
11:31.4,2.22.193.98,192.168.173.51,6,443,58346,A,0,normal
11:31.4,2.22.193.98,192.168.173.51,6,443,58346,PA,0,normal
11:31.4,192.168.173.51,2.22.193.98,6,58346,443,A,1,anomaly
11:31.4,2.22.193.98,192.168.173.51,6,443,58346,A,0,normal
11:31.4,2.22.193.98,192.168.173.51,6,443,58346,PA,0,normal
11:31.4,192.168.173.51,2.22.193.98,6,58346,443,A,1,anomaly
11:31.4,2.22.193.98,192.168.173.51,6,443,58346,A,0,normal
11:31.4,2.22.193.98,192.168.173.51,6,443,58346,PA,0,normal
11:31.4,192.168.173.51,2.22.193.98,6,58346,443,A,1,anomaly
11:31.4,2.22.193.98,192.168.173.51,6,443,58346,A,0,normal
11:31.4,2.22.193.98,192.168.173.51,6,443,58346,PA,0,normal
11:31.4,192.168.173.51,2.22.193.98,6,58346,443,A,1,anomaly
11:31.4,2.22.193.98,192.168.173.51,6,443,58346,A,0,normal
11:31.5,2.22.193.98,192.168.173.51,6,443,58346,PA,0,normal
11:31.5,192.168.173.51,2.22.193.98,6,58346,443,A,1,anomaly
11:31.5,2.22.193.98,192.168.173.51,6,443,58346,A,0,normal
11:31.5,2.22.193.98,192.168.173.51,6,443,58346,PA,0,normal
11:31.5,192.168.173.51,2.22.193.98,6,58346,443,A,1,anomaly
11:31.5,2.22.193.98,192.168.173.51,6,443,58346,A,0,normal
11:31.5,2.22.193.98,192.168.173.51,6,443,58346,PA,0,normal
11:31.6,192.168.173.51,2.22.193.98,6,58346,443,A,1,anomaly
11:31.6,2.22.193.98,192.168.173.51,6,443,58346,A,0,normal
11:31.6,2.22.193.98,192.168.173.51,6,443,58346,PA,0,normal
11:31.6,192.168.173.51,2.22.193.98,6,58346,443,A,1,anomaly
11:31.7,2.22.193.98,192.168.173.51,6,443,58346,A,0,normal
11:31.7,2.22.193.98,192.168.173.51,6,443,58346,PA,0,normal
11:31.7,192.168.173.51,2.22.193.98,6,58346,443,A,1,anomaly
11:31.7,2.22.193.98,192.168.173.51,6,443,58346,A,0,normal
11:31.7,2.22.193.98,192.168.173.51,6,443,58346,PA,0,normal
11:31.7,192.168.173.51,2.22.193.98,6,58346,443,A,1,anomaly
11:31.7,2.22.193.98,192.168.173.51,6,443,58346,A,0,normal
11:31.7,192.168.173.51,2.22.193.98,6,58346,443,A,1,anomaly
11:32.3,2.22.193.98,192.168.173.51,6,443,58346,PA,0,normal
11:32.4,192.168.173.51,2.22.193.98,6,58346,443,A,1,anomaly
11:32.6,2.22.193.98,192.168.173.51,6,443,58346,A,0,normal
11:32.6,2.22.193.98,192.168.173.51,6,443,58346,PA,0,normal
11:32.6,2.22.193.98,192.168.173.51,6,443,58346,PA,0,normal
11:32.6,2.22.193.98,192.168.173.51,6,443,58346,A,0,normal
11:32.6,192.168.173.51,2.22.193.98,6,58346,443,A,1,anomaly
11:32.6,192.168.173.51,2.22.193.98,6,58346,443,A,1,anomaly
11:32.6,2.22.193.98,192.168.173.51,6,443,58346,A,0,normal
11:32.6,2.22.193.98,192.168.173.51,6,443,58346,PA,0,normal
11:32.6,192.168.173.51,2.22.193.98,6,58346,443,A,1,anomaly
11:32.6,2.22.193.98,192.168.173.51,6,443,58346,A,0,normal
11:32.7,2.22.193.98,192.168.173.51,6,443,58346,PA,0,normal
11:32.7,192.168.173.51,2.22.193.98,6,58346,443,A,1,anomaly
11:32.7,2.22.193.98,192.168.173.51,6,443,58346,A,0,normal
11:32.7,2.22.193.98,192.168.173.51,6,443,58346,PA,0,normal
11:32.7,192.168.173.51,2.22.193.98,6,58346,443,A,1,anomaly
11:32.7,2.22.193.98,192.168.173.51,6,443,58346,A,1,anomaly
11:32.7,2.22.193.98,192.168.173.51,6,443,58346,PA,1,anomaly
11:32.7,2.22.193.98,192.168.173.51,6,443,58346,A,1,anomaly
11:32.7,192.168.173.51,2.22.193.98,6,58346,443,A,1,anomaly
11:32.7,2.22.193.98,192.168.173.51,6,443,58346,A,1,anomaly
11:32.7,2.22.193.98,192.168.173.51,6,443,58346,PA,1,anomaly
11:32.7,192.168.173.51,2.22.193.98,6,58346,443,A,1,anomaly
11:32.7,2.22.193.98,192.168.173.51,6,443,58346,A,1,anomaly
11:32.7,192.168.173.51,2.22.193.98,6,58346,443,A,1,anomaly
11:32.7,2.22.193.98,192.168.173.51,6,443,58346,PA,1,anomaly
11:32.7,2.22.193.98,192.168.173.51,6,443,58346,A,1,anomaly
11:32.7,2.22.193.98,192.168.173.51,6,443,58346,PA,1,anomaly
11:32.7,192.168.173.51,2.22.193.98,6,58346,443,A,1,anomaly
11:32.7,2.22.193.98,192.168.173.51,6,443,58346,A,1,anomaly
11:32.7,192.168.173.51,2.22.193.98,6,58346,443,A,1,anomaly
11:32.7,2.22.193.98,192.168.173.51,6,443,58346,PA,1,anomaly
11:32.7,2.22.193.98,192.168.173.51,6,443,58346,A,1,anomaly
11:32.7,192.168.173.51,2.22.193.98,6,58346,443,A,1,anomaly
11:32.8,2.22.193.98,192.168.173.51,6,443,58346,PA,1,anomaly
11:32.8,2.22.193.98,192.168.173.51,6,443,58346,A,1,anomaly
11:32.8,192.168.173.51,2.22.193.98,6,58346,443,A,1,anomaly
11:32.8,2.22.193.98,192.168.173.51,6,443,58346,PA,1,anomaly
11:32.8,2.22.193.98,192.168.173.51,6,443,58346,PA,1,anomaly
11:32.8,192.168.173.51,2.22.193.98,6,58346,443,A,1,anomaly
11:32.8,2.22.193.98,192.168.173.51,6,443,58346,A,1,anomaly
11:32.8,2.22.193.98,192.168.173.51,6,443,58346,A,1,anomaly
11:32.8,2.22.193.98,192.168.173.51,6,443,58346,PA,1,anomaly
11:32.8,2.22.193.98,192.168.173.51,6,443,58346,A,1,anomaly
11:32.8,192.168.173.51,2.22.193.98,6,58346,443,A,1,anomaly
11:32.8,192.168.173.51,2.22.193.98,6,58346,443,A,1,anomaly
11:32.8,2.22.193.98,192.168.173.51,6,443,58346,PA,1,anomaly
11:32.8,2.22.193.98,192.168.173.51,6,443,58346,A,1,anomaly
11:32.8,2.22.193.98,192.168.173.51,6,443,58346,PA,1,anomaly
11:32.8,192.168.173.51,2.22.193.98,6,58346,443,A,1,anomaly
11:32.8,2.22.193.98,192.168.173.51,6,443,58346,A,1,anomaly
11:32.8,2.22.193.98,192.168.173.51,6,443,58346,PA,1,anomaly
11:32.8,192.168.173.51,2.22.193.98,6,58346,443,A,1,anomaly
11:32.8,2.22.193.98,192.168.173.51,6,443,58346,A,1,anomaly
11:32.8,2.22.193.98,192.168.173.51,6,443,58346,PA,1,anomaly
11:32.8,2.22.193.98,192.168.173.51,6,443,58346,A,1,anomaly
11:32.8,2.22.193.98,192.168.173.51,6,443,58346,PA,1,anomaly
11:32.8,2.22.193.98,192.168.173.51,6,443,58346,PA,1,anomaly
11:32.8,192.168.173.51,2.22.193.98,6,58346,443,A,1,anomaly
11:32.8,2.22.193.98,192.168.173.51,6,443,58346,A,1,anomaly
11:32.8,2.22.193.98,192.168.173.51,6,443,58346,PA,1,anomaly
11:32.8,192.168.173.51,2.22.193.98,6,58346,443,A,1,anomaly
11:32.8,192.168.173.51,192.168.173.24,17,59857,53,0,1,anomaly
11:32.9,192.168.173.24,192.168.173.51,17,53,59857,0,0,normal
11:32.9,192.168.173.51,52.113.194.132,6,58347,443,S,1,anomaly
11:32.9,52.113.194.132,192.168.173.51,6,443,58347,SA,0,normal
11:33.2,192.168.173.51,52.113.194.132,6,58347,443,A,1,anomaly
11:33.2,192.168.173.51,52.113.194.132,6,58347,443,PA,1,anomaly
11:33.2,192.168.173.51,20.199.120.151,6,61935,443,PA,1,anomaly
11:33.2,192.168.173.51,52.113.194.132,6,58347,443,PA,1,anomaly
11:33.4,192.168.173.51,20.192.44.78,6,50801,443,PA,1,anomaly
11:33.5,192.168.173.51,52.113.194.132,6,58347,443,PA,1,anomaly
11:33.8,192.168.173.51,20.192.44.78,6,50801,443,PA,1,anomaly
11:33.8,52.113.194.132,192.168.173.51,6,443,58347,A,0,normal
11:33.9,52.113.194.132,192.168.173.51,6,443,58347,A,0,normal
11:33.9,52.113.194.132,192.168.173.51,6,443,58347,A,0,normal
11:33.9,192.168.173.51,52.113.194.132,6,58347,443,A,1,anomaly
11:33.9,52.113.194.132,192.168.173.51,6,443,58347,A,0,normal
11:33.9,52.113.194.132,192.168.173.51,6,443,58347,A,0,normal
11:33.9,52.113.194.132,192.168.173.51,6,443,58347,PA,0,normal
11:33.9,192.168.173.51,52.113.194.132,6,58347,443,A,1,anomaly
11:33.9,52.113.194.132,192.168.173.51,6,443,58347,PA,0,normal
11:33.9,52.113.194.132,192.168.173.51,6,443,58347,A,0,normal
11:33.9,192.168.173.51,52.113.194.132,6,58347,443,A,1,anomaly
11:33.9,192.168.173.51,52.113.194.132,6,58347,443,A,1,anomaly
11:33.9,192.168.173.51,52.113.194.132,6,58347,443,PA,1,anomaly
11:33.9,192.168.173.51,20.199.120.151,6,61935,443,PA,1,anomaly
11:34.0,52.113.194.132,192.168.173.51,6,443,58347,A,0,normal
11:34.0,52.113.194.132,192.168.173.51,6,443,58347,A,0,normal
11:34.0,52.113.194.132,192.168.173.51,6,443,58347,A,0,normal
11:34.0,52.113.194.132,192.168.173.51,6,443,58347,PA,0,normal
11:34.0,192.168.173.51,52.113.194.132,6,58347,443,A,1,anomaly
11:34.0,192.168.173.51,52.113.194.132,6,58347,443,A,1,anomaly
11:34.0,192.168.173.51,52.113.194.132,6,58347,443,PA,1,anomaly
11:34.1,52.113.194.132,192.168.173.51,6,443,58347,A,0,normal
11:34.2,20.192.44.78,192.168.173.51,6,443,50801,A,0,normal
11:34.2,20.192.44.78,192.168.173.51,6,443,50801,A,0,normal
11:34.2,20.199.120.151,192.168.173.51,6,443,61935,PA,0,normal
11:34.2,20.199.120.151,192.168.173.51,6,443,61935,A,0,normal
11:34.2,192.168.173.51,20.199.120.151,6,61935,443,A,1,anomaly
11:34.3,192.168.173.51,192.168.173.24,17,59857,53,0,1,anomaly
11:34.5,52.113.194.132,192.168.173.51,6,443,58347,PA,0,normal
11:34.5,192.168.173.51,52.113.194.132,6,58347,443,A,1,anomaly
11:34.5,52.113.194.132,192.168.173.51,6,443,58347,A,0,normal
11:34.6,52.113.194.132,192.168.173.51,6,443,58347,PA,0,normal
11:34.6,192.168.173.24,192.168.173.51,17,53,59857,0,0,normal
11:34.6,192.168.173.51,52.113.194.132,6,58347,443,A,1,anomaly
11:34.6,192.168.173.51,52.113.194.132,6,58347,443,A,1,anomaly
11:34.6,192.168.173.51,40.69.74.80,6,58348,443,S,1,anomaly
11:34.6,192.168.173.51,192.168.90.142,6,58339,7680,S,1,anomaly
11:34.6,192.168.173.51,192.168.200.56,6,58341,7680,S,1,anomaly
11:34.7,52.113.194.132,192.168.173.51,6,443,58347,A,0,normal
11:34.7,192.168.173.51,52.113.194.132,6,58347,443,A,1,anomaly
11:34.7,192.168.173.51,104.208.16.95,6,50822,443,A,1,anomaly
11:34.7,192.168.173.51,20.42.73.26,6,58343,443,PA,1,anomaly
11:34.8,192.168.173.51,20.42.73.26,6,58343,443,A,1,anomaly
11:34.8,192.168.173.51,20.42.73.26,6,58343,443,A,1,anomaly
11:34.8,192.168.173.51,20.42.73.26,6,58343,443,A,1,anomaly
11:34.8,192.168.173.51,20.42.73.26,6,58343,443,PA,1,anomaly
11:34.8,40.69.74.80,192.168.173.51,6,443,58348,SA,0,normal
11:35.0,192.168.173.51,40.69.74.80,6,58348,443,A,1,anomaly
11:35.0,192.168.173.51,40.69.74.80,6,58348,443,PA,1,anomaly
11:35.0,104.208.16.95,192.168.173.51,6,443,50822,A,0,normal
11:35.0,40.69.74.80,192.168.173.51,6,443,58348,A,0,normal
11:35.0,40.69.74.80,192.168.173.51,6,443,58348,PA,0,normal
11:35.0,192.168.173.51,40.69.74.80,6,58348,443,A,1,anomaly
11:35.1,40.69.74.80,192.168.173.51,6,443,58348,A,0,normal
11:35.1,20.42.73.26,192.168.173.51,6,443,58343,PA,0,normal
11:35.1,192.168.173.51,40.69.74.80,6,58348,443,A,1,anomaly
11:35.1,192.168.173.51,20.42.73.26,6,58343,443,A,1,anomaly
11:35.1,20.42.73.26,192.168.173.51,6,443,58343,A,0,normal
11:35.1,192.168.173.51,40.69.74.80,6,58348,443,PA,1,anomaly
11:35.1,20.42.73.26,192.168.173.51,6,443,58343,A,0,normal
11:35.1,20.42.73.26,192.168.173.51,6,443,58343,A,0,normal
11:35.1,20.42.73.26,192.168.173.51,6,443,58343,A,0,normal
11:35.1,192.168.173.24,224.0.0.251,17,5353,5353,0,0,normal
11:35.1,20.42.73.26,192.168.173.51,6,443,58343,PA,0,normal
11:35.1,192.168.173.51,20.42.73.26,6,58343,443,A,1,anomaly
11:35.2,192.168.173.51,20.192.44.78,6,50801,443,PA,1,anomaly
11:35.3,40.69.74.80,192.168.173.51,6,443,58348,PA,0,normal
11:35.3,40.69.74.80,192.168.173.51,6,443,58348,PA,0,normal
11:35.3,192.168.173.51,40.69.74.80,6,58348,443,A,1,anomaly
11:35.3,192.168.173.51,40.69.74.80,6,58348,443,A,1,anomaly
11:35.3,192.168.173.51,40.69.74.80,6,58348,443,PA,1,anomaly
11:35.4,192.168.173.51,40.69.74.80,6,58348,443,PA,1,anomaly
11:35.4,192.168.173.51,40.69.74.80,6,58348,443,PA,1,anomaly
11:35.4,192.168.173.51,40.69.74.80,6,58348,443,PA,1,anomaly
11:35.4,20.192.44.78,192.168.173.51,6,443,50801,A,0,normal
11:35.6,40.69.74.80,192.168.173.51,6,443,58348,PA,0,normal
11:35.6,40.69.74.80,192.168.173.51,6,443,58348,A,0,normal
11:35.6,40.69.74.80,192.168.173.51,6,443,58348,A,0,normal
11:37.8,40.69.74.80,192.168.173.51,6,443,58348,PA,0,normal
11:37.8,40.69.74.80,192.168.173.51,6,443,58348,PA,0,normal
11:37.8,192.168.173.51,40.69.74.80,6,58348,443,A,1,anomaly
11:37.8,20.192.44.78,192.168.173.51,6,443,50801,PA,0,normal
11:37.9,192.168.173.51,20.192.44.78,6,50801,443,A,1,anomaly
11:41.8,192.168.173.51,20.238.236.234,6,49212,443,A,1,anomaly
11:42.1,20.238.236.234,192.168.173.51,6,443,49212,A,0,normal
11:49.4,192.168.173.51,20.192.44.78,6,50801,443,PA,1,anomaly
11:49.6,20.192.44.78,192.168.173.51,6,443,50801,A,0,normal
11:52.9,20.192.44.78,192.168.173.51,6,443,50801,PA,0,normal
11:52.9,192.168.173.51,20.192.44.78,6,50801,443,A,1,anomaly
11:54.9,192.168.173.24,224.0.0.251,17,5353,5353,0,0,normal
11:59.6,192.168.173.51,172.16.195.225,6,58349,7680,S,1,anomaly
11:59.6,192.168.173.51,172.16.197.247,6,58350,7680,S,1,anomaly
12:00.6,192.168.173.51,172.16.195.225,6,58349,7680,S,1,anomaly
12:02.6,192.168.173.51,172.16.197.247,6,58350,7680,S,1,anomaly
12:02.6,192.168.173.51,172.16.197.247,6,58350,7680,S,1,anomaly
12:05.1,192.168.173.51,172.16.195.225,6,58349,7680,S,1,anomaly
12:05.1,192.168.173.51,20.192.44.78,6,50801,443,PA,1,anomaly
12:05.4,192.168.173.51,20.192.44.78,6,50801,443,PA,1,anomaly
12:05.5,192.168.173.51,20.192.44.78,6,50801,443,PA,1,anomaly
12:06.0,192.168.173.51,142.250.110.188,6,62034,5228,A,1,anomaly
12:06.3,192.168.173.51,20.192.44.78,6,50801,443,PA,1,anomaly
12:06.3,20.192.44.78,192.168.173.51,6,443,50801,A,0,normal
12:06.3,20.192.44.78,192.168.173.51,6,443,50801,A,0,normal
12:06.3,20.192.44.78,192.168.173.51,6,443,50801,A,0,normal
12:06.3,20.192.44.78,192.168.173.51,6,443,50801,A,0,normal
12:06.3,142.250.110.188,192.168.173.51,6,5228,62034,A,0,normal
12:06.6,192.168.173.51,172.16.195.225,6,58349,7680,S,1,anomaly
12:06.8,192.168.173.51,172.16.197.247,6,58350,7680,S,1,anomaly
12:06.8,196.250.239.128,192.168.173.51,1,0,0,0,0,normal
12:08.8,196.250.239.128,192.168.173.51,1,0,0,0,0,normal
12:08.8,20.192.44.78,192.168.173.51,6,443,50801,PA,0,normal
12:08.9,192.168.173.51,20.192.44.78,6,50801,443,A,1,anomaly
12:14.6,192.168.173.51,172.16.197.247,6,58350,7680,S,1,anomaly
12:15.0,192.168.173.51,172.16.195.225,6,58349,7680,S,1,anomaly
12:15.0,192.168.173.24,224.0.0.251,17,5353,5353,0,0,normal
12:18.2,192.168.173.51,20.199.120.151,6,61935,443,PA,1,anomaly
12:18.9,192.168.173.51,20.199.120.151,6,61935,443,PA,1,anomaly
12:19.1,20.199.120.151,192.168.173.51,6,443,61935,PA,0,normal
12:19.2,20.199.120.151,192.168.173.51,6,443,61935,PA,0,normal
12:19.2,192.168.173.51,20.199.120.151,6,61935,443,A,1,anomaly
12:19.2,192.168.173.51,20.50.88.238,6,58338,443,PA,1,anomaly
12:19.3,20.199.120.151,192.168.173.51,6,443,61935,A,0,normal
12:19.5,20.50.88.238,192.168.173.51,6,443,58338,A,0,normal
12:19.5,20.50.88.238,192.168.173.51,6,443,58338,PA,0,normal
12:20.0,20.50.88.238,192.168.173.51,6,443,58338,PA,0,normal
12:20.0,192.168.173.51,20.50.88.238,6,58338,443,A,1,anomaly
12:20.0,192.168.173.51,104.208.16.95,6,50822,443,A,1,anomaly
12:20.7,104.208.16.95,192.168.173.51,6,443,50822,A,0,normal
12:21.4,192.168.173.51,20.192.44.78,6,50801,443,PA,1,anomaly
12:21.8,192.168.173.51,20.192.44.78,6,50801,443,PA,1,anomaly
12:21.9,20.192.44.78,192.168.173.51,6,443,50801,A,0,normal
12:22.0,20.192.44.78,192.168.173.51,6,443,50801,A,0,normal
12:27.1,192.168.173.51,20.238.236.234,6,49212,443,A,1,anomaly
12:27.2,20.192.44.78,192.168.173.51,6,443,50801,PA,0,normal
12:27.2,20.192.44.78,192.168.173.51,6,443,50801,PA,0,normal
12:27.7,192.168.173.51,20.192.44.78,6,50801,443,A,1,anomaly
12:27.7,20.192.44.78,192.168.173.51,6,443,50801,PA,0,normal
12:27.9,20.192.44.78,192.168.173.51,6,443,50801,PA,0,normal
12:27.9,20.192.44.78,192.168.173.51,6,443,50801,PA,0,normal
12:27.9,20.192.44.78,192.168.173.51,6,443,50801,PA,0,normal
12:27.9,192.168.173.51,20.192.44.78,6,50801,443,A,1,anomaly
12:27.9,192.168.173.51,20.192.44.78,6,50801,443,A,1,anomaly
12:27.9,192.168.173.51,20.192.44.78,6,50801,443,A,1,anomaly
12:27.9,192.168.173.51,20.192.44.78,6,50801,443,A,1,anomaly
12:27.9,20.238.236.234,192.168.173.51,6,443,49212,A,0,normal
12:35.1,192.168.173.24,224.0.0.251,17,5353,5353,0,0,normal
12:35.1,192.168.173.51,20.192.44.78,6,50801,443,PA,1,anomaly
12:35.5,20.192.44.78,192.168.173.51,6,443,50801,A,0,normal
12:36.4,192.168.173.51,20.192.44.78,6,50801,443,PA,1,anomaly
12:36.6,192.168.173.51,192.168.173.24,17,53651,53,0,1,anomaly
12:36.6,192.168.173.51,192.168.173.24,17,59419,53,0,1,anomaly
12:36.6,192.168.173.51,20.42.73.26,6,58343,443,FA,1,anomaly
12:36.6,192.168.173.51,20.42.73.26,6,58351,443,S,1,anomaly
12:36.8,192.168.173.24,192.168.173.51,17,53,53651,0,0,normal
12:36.8,192.168.173.24,192.168.173.51,17,53,59419,0,0,normal
12:36.8,192.168.173.51,142.251.47.196,17,55447,443,0,1,anomaly
12:36.9,192.168.173.51,142.251.47.196,17,55447,443,0,1,anomaly
12:36.9,192.168.173.51,142.251.47.196,17,55447,443,0,1,anomaly
12:36.9,192.168.173.51,20.192.44.78,6,50801,443,PA,1,anomaly
12:37.1,192.168.173.51,20.42.73.26,6,58343,443,FA,1,anomaly
12:37.2,192.168.173.51,142.251.47.196,17,55447,443,0,1,anomaly
12:37.5,192.168.173.51,20.192.44.78,6,50801,443,PA,1,anomaly
12:37.6,192.168.173.51,20.42.73.26,6,58351,443,S,1,anomaly
12:37.8,20.192.44.78,192.168.173.51,6,443,50801,A,0,normal
12:37.8,20.42.73.26,192.168.173.51,6,443,58343,FA,0,normal
12:37.8,20.42.73.26,192.168.173.51,6,443,58343,FA,0,normal
12:37.9,20.42.73.26,192.168.173.51,6,443,58351,SA,0,normal
12:37.9,192.168.173.51,20.42.73.26,6,58343,443,A,1,anomaly
12:37.9,192.168.173.51,20.42.73.26,6,58343,443,A,1,anomaly
12:38.0,192.168.173.51,20.42.73.26,6,58351,443,A,1,anomaly
12:38.0,192.168.173.51,20.42.73.26,6,58351,443,PA,1,anomaly
12:38.0,142.251.47.196,192.168.173.51,17,443,55447,0,0,normal
12:38.0,20.192.44.78,192.168.173.51,6,443,50801,A,0,normal
12:38.1,20.192.44.78,192.168.173.51,6,443,50801,A,0,normal
12:38.1,20.42.73.26,192.168.173.51,6,443,58351,SA,0,normal
12:38.1,192.168.173.51,20.42.73.26,6,58351,443,A,1,anomaly
12:38.1,20.42.73.26,192.168.173.51,6,443,58343,A,0,normal
12:38.1,142.251.47.196,192.168.173.51,17,443,55447,0,0,normal
12:38.2,142.251.47.196,192.168.173.51,17,443,55447,0,0,normal
12:38.2,192.168.173.51,142.251.47.196,17,55447,443,0,1,anomaly
12:38.2,142.251.47.196,192.168.173.51,17,443,55447,0,0,normal
12:38.2,142.251.47.196,192.168.173.51,17,443,55447,0,0,normal
12:38.2,142.251.47.196,192.168.173.51,17,443,55447,0,0,normal
12:38.2,192.168.173.51,142.251.47.196,17,55447,443,0,1,anomaly
12:38.2,192.168.173.51,142.251.47.196,17,55447,443,0,1,anomaly
12:39.1,142.251.47.196,192.168.173.51,17,443,55447,0,0,normal
12:39.1,142.251.47.196,192.168.173.51,17,443,55447,0,0,normal
12:39.1,20.42.73.26,192.168.173.51,6,443,58351,PA,0,normal
12:39.1,192.168.173.51,20.42.73.26,6,58351,443,A,1,anomaly
12:39.1,192.168.173.51,142.251.47.196,17,55447,443,0,1,anomaly
12:39.2,20.192.44.78,192.168.173.51,6,443,50801,PA,0,normal
12:39.2,142.251.47.196,192.168.173.51,17,443,55447,0,0,normal
12:39.2,142.251.47.196,192.168.173.51,17,443,55447,0,0,normal
12:39.2,20.42.73.26,192.168.173.51,6,443,58351,PA,0,normal
12:39.2,192.168.173.51,20.42.73.26,6,58351,443,A,1,anomaly
12:39.2,192.168.173.51,142.251.47.196,17,55447,443,0,1,anomaly
12:39.2,192.168.173.51,142.251.47.196,17,55447,443,0,1,anomaly
12:39.2,192.168.173.51,20.42.73.26,6,58351,443,PA,1,anomaly
12:39.2,192.168.173.51,20.192.44.78,6,50801,443,A,1,anomaly
12:39.6,142.251.47.196,192.168.173.51,17,443,55447,0,0,normal
12:39.6,192.168.173.51,142.251.47.196,17,55447,443,0,1,anomaly
12:39.6,192.168.173.51,172.16.197.247,6,58352,7680,S,1,anomaly
12:40.3,192.168.173.51,192.168.90.38,6,58353,7680,S,1,anomaly
12:40.3,20.42.73.26,192.168.173.51,6,443,58351,A,0,normal
12:40.3,192.168.173.51,20.42.73.26,6,58351,443,A,1,anomaly
12:40.3,20.42.73.26,192.168.173.51,6,443,58351,A,0,normal
12:40.3,192.168.173.51,20.42.73.26,6,58351,443,A,1,anomaly
12:40.3,20.42.73.26,192.168.173.51,6,443,58351,A,0,normal
12:40.6,192.168.173.51,20.42.73.26,6,58351,443,A,1,anomaly
12:40.6,20.42.73.26,192.168.173.51,6,443,58351,A,0,normal
12:40.6,192.168.173.51,20.42.73.26,6,58351,443,A,1,anomaly
12:40.6,192.168.173.51,192.168.90.38,6,58353,7680,S,1,anomaly
12:40.7,192.168.173.51,172.16.197.247,6,58352,7680,S,1,anomaly
12:40.7,20.42.73.26,192.168.173.51,6,443,58351,A,0,normal
12:41.0,192.168.173.51,20.42.73.26,6,58351,443,A,1,anomaly
12:41.0,20.42.73.26,192.168.173.51,6,443,58351,PA,0,normal
12:41.0,192.168.173.51,20.42.73.26,6,58351,443,A,1,anomaly
12:41.0,192.168.173.51,20.42.73.26,6,58351,443,PA,1,anomaly
12:41.0,192.168.173.51,20.42.73.26,6,58351,443,PA,1,anomaly
12:41.0,192.168.173.51,20.42.73.26,6,58351,443,A,1,anomaly
12:41.0,192.168.173.51,20.42.73.26,6,58351,443,A,1,anomaly
12:41.1,192.168.173.51,20.42.73.26,6,58351,443,A,1,anomaly
12:41.1,192.168.173.51,20.42.73.26,6,58351,443,PA,1,anomaly
12:41.1,20.42.73.26,192.168.173.51,6,443,58351,A,0,normal
12:41.2,20.42.73.26,192.168.173.51,6,443,58351,PA,0,normal
12:41.2,192.168.173.51,20.42.73.26,6,58351,443,A,1,anomaly
12:41.2,20.42.73.26,192.168.173.51,6,443,58351,A,0,normal
12:41.2,20.42.73.26,192.168.173.51,6,443,58351,PA,0,normal
12:41.2,192.168.173.51,20.42.73.26,6,58351,443,A,1,anomaly
12:41.2,20.42.73.26,192.168.173.51,6,443,58351,A,0,normal
12:41.3,20.42.73.26,192.168.173.51,6,443,58351,A,0,normal
12:41.4,20.42.73.26,192.168.173.51,6,443,58351,A,0,normal
12:41.4,20.42.73.26,192.168.173.51,6,443,58351,A,0,normal
12:42.6,20.42.73.26,192.168.173.51,6,443,58351,PA,0,normal
12:42.6,192.168.173.51,20.42.73.26,6,58351,443,A,1,anomaly
12:42.6,192.168.173.51,192.168.90.38,6,58353,7680,S,1,anomaly
12:43.4,192.168.173.51,172.16.197.247,6,58352,7680,S,1,anomaly
12:43.4,52.113.194.132,192.168.173.51,6,443,58347,RA,0,normal
12:45.8,192.168.173.51,239.255.255.250,17,55449,1900,0,1,anomaly
12:45.8,192.168.173.51,239.255.255.250,17,55451,1900,0,1,anomaly
12:46.5,192.168.173.51,20.42.73.26,6,58351,443,RA,1,anomaly
12:46.6,192.168.173.51,172.16.197.247,6,58352,7680,S,1,anomaly
12:46.8,192.168.173.51,192.168.90.38,6,58353,7680,S,1,anomaly
12:46.8,192.168.173.51,239.255.255.250,17,55449,1900,0,1,anomaly
12:46.8,192.168.173.51,239.255.255.250,17,55451,1900,0,1,anomaly
12:47.0,196.250.239.128,192.168.173.51,1,0,0,0,0,normal
12:47.0,196.250.239.128,192.168.173.51,1,0,0,0,0,normal
12:47.8,192.168.173.51,239.255.255.250,17,55449,1900,0,1,anomaly
12:47.8,192.168.173.51,239.255.255.250,17,55451,1900,0,1,anomaly
12:48.8,192.168.173.51,239.255.255.250,17,55449,1900,0,1,anomaly
12:48.8,192.168.173.51,239.255.255.250,17,55451,1900,0,1,anomaly
12:51.3,192.168.173.51,142.250.110.188,6,62034,5228,A,1,anomaly
12:52.0,142.250.110.188,192.168.173.51,6,5228,62034,A,0,normal
12:52.4,192.168.173.51,20.192.44.78,6,50801,443,PA,1,anomaly
12:52.9,192.168.173.51,20.192.44.78,6,50801,443,PA,1,anomaly
12:53.0,104.208.16.95,192.168.173.51,6,443,50822,RA,0,normal
12:53.2,20.192.44.78,192.168.173.51,6,443,50801,A,0,normal
12:53.3,20.192.44.78,192.168.173.51,6,443,50801,A,0,normal
12:54.6,192.168.173.51,192.168.90.38,6,58353,7680,S,1,anomaly
12:54.8,192.168.173.51,172.16.197.247,6,58352,7680,S,1,anomaly
12:54.8,20.192.44.78,192.168.173.51,6,443,50801,PA,0,normal
12:54.9,192.168.173.51,20.192.44.78,6,50801,443,A,1,anomaly
12:55.1,192.168.173.24,224.0.0.251,17,5353,5353,0,0,normal
12:55.6,20.192.44.78,192.168.173.51,6,443,50801,PA,0,normal
13:03.2,192.168.173.51,20.192.44.78,6,50801,443,A,1,anomaly
13:03.2,192.168.173.51,20.199.120.151,6,61935,443,PA,1,anomaly
13:03.5,20.199.120.151,192.168.173.51,6,443,61935,PA,0,normal
13:03.6,192.168.173.51,20.199.120.151,6,61935,443,A,1,anomaly
13:05.1,192.168.173.51,20.192.44.78,6,50801,443,PA,1,anomaly
13:05.7,192.168.173.51,20.192.44.78,6,50801,443,PA,1,anomaly
13:06.3,192.168.173.51,20.192.44.78,6,50801,443,PA,1,anomaly
13:07.3,192.168.173.51,20.192.44.78,6,50801,443,PA,1,anomaly
13:07.4,192.168.173.51,20.192.44.78,6,50801,443,PA,1,anomaly
13:09.3,192.168.173.51,20.192.44.78,6,50801,443,PA,1,anomaly
13:09.9,20.192.44.78,192.168.173.51,6,443,50801,PA,0,normal
13:09.9,20.192.44.78,192.168.173.51,6,443,50801,A,0,normal
13:09.9,192.168.173.51,20.192.44.78,6,50801,443,A,1,anomaly
13:10.3,192.168.173.24,224.0.0.251,17,5353,5353,0,0,normal
13:10.5,192.168.173.51,20.192.44.78,6,50801,443,PA,1,anomaly
13:11.5,192.168.173.51,20.192.44.78,6,50801,443,PA,1,anomaly
13:11.5,192.168.173.24,224.0.0.251,17,5353,5353,0,0,normal
13:12.9,192.168.173.51,20.238.236.234,6,49212,443,A,1,anomaly
13:13.5,192.168.173.51,20.192.44.78,6,50801,443,PA,1,anomaly
13:13.7,192.168.173.51,2.22.193.98,6,58346,443,FA,1,anomaly
13:14.4,192.168.173.51,68.219.88.225,6,58345,443,FA,1,anomaly
13:14.4,20.192.44.78,192.168.173.51,6,443,50801,A,0,normal
13:15.0,20.192.44.78,192.168.173.51,6,443,50801,A,0,normal
13:15.0,20.192.44.78,192.168.173.51,6,443,50801,PA,0,normal
13:15.0,20.192.44.78,192.168.173.51,6,443,50801,PA,0,normal
13:15.0,20.192.44.78,192.168.173.51,6,443,50801,PA,0,normal
13:15.0,192.168.173.51,20.192.44.78,6,50801,443,A,1,anomaly
13:15.0,192.168.173.51,20.192.44.78,6,50801,443,A,1,anomaly
13:15.0,192.168.173.51,20.192.44.78,6,50801,443,A,1,anomaly
13:15.0,192.168.173.24,224.0.0.251,17,5353,5353,0,0,normal
13:15.5,20.238.236.234,192.168.173.51,6,443,49212,A,0,normal
13:15.5,20.192.44.78,192.168.173.51,6,443,50801,A,0,normal
13:15.5,20.192.44.78,192.168.173.51,6,443,50801,A,0,normal
13:15.5,20.192.44.78,192.168.173.51,6,443,50801,A,0,normal
13:15.5,20.192.44.78,192.168.173.51,6,443,50801,A,0,normal
13:15.5,20.192.44.78,192.168.173.51,6,443,50801,A,0,normal
13:15.5,20.192.44.78,192.168.173.51,6,443,50801,A,0,normal
13:15.5,68.219.88.225,192.168.173.51,6,443,58345,FA,0,normal
13:15.5,2.22.193.98,192.168.173.51,6,443,58346,FA,1,anomaly
13:15.5,2.22.193.98,192.168.173.51,6,443,58346,PA,1,anomaly
13:15.5,192.168.173.51,68.219.88.225,6,58345,443,A,1,anomaly
13:15.5,192.168.173.51,2.22.193.98,6,58346,443,A,1,anomaly
13:15.5,192.168.173.51,2.22.193.98,6,58346,443,RA,1,anomaly
13:17.0,192.168.173.51,40.69.74.80,6,58348,443,FA,1,anomaly
13:17.2,40.69.74.80,192.168.173.51,6,443,58348,FA,0,normal
13:19.6,192.168.173.51,40.69.74.80,6,58348,443,A,1,anomaly
13:19.6,192.168.173.51,172.16.207.103,6,58354,7680,S,1,anomaly
13:20.6,192.168.173.51,192.168.11.111,6,58355,7680,S,1,anomaly
13:20.6,192.168.173.51,192.168.11.111,6,58355,7680,S,1,anomaly
13:22.6,192.168.173.51,172.16.207.103,6,58354,7680,S,1,anomaly
13:22.6,192.168.173.51,172.16.207.103,6,58354,7680,S,1,anomaly
13:23.4,192.168.173.51,192.168.11.111,6,58355,7680,S,1,anomaly
13:23.4,192.168.173.51,20.192.44.78,6,50801,443,PA,1,anomaly
13:23.6,20.192.44.78,192.168.173.51,6,443,50801,A,0,normal
13:25.8,20.192.44.78,192.168.173.51,6,443,50801,PA,0,normal
13:25.9,192.168.173.51,20.192.44.78,6,50801,443,A,1,anomaly
13:26.6,192.168.173.51,192.168.11.111,6,58355,7680,S,1,anomaly
13:32.1,192.168.173.51,172.16.207.103,6,58354,7680,S,1,anomaly
13:32.1,192.168.173.51,20.50.88.238,6,58338,443,FA,1,anomaly
13:32.7,192.168.173.51,20.50.88.238,6,58338,443,FA,1,anomaly
13:33.7,192.168.173.51,20.50.88.238,6,58338,443,FA,1,anomaly
13:34.6,192.168.173.51,192.168.11.111,6,58355,7680,S,1,anomaly
13:35.1,192.168.173.51,172.16.207.103,6,58354,7680,S,1,anomaly
13:35.1,192.168.173.24,224.0.0.251,17,5353,5353,0,0,normal
13:35.1,192.168.173.51,20.192.44.78,6,50801,443,PA,1,anomaly
13:35.7,192.168.173.51,20.192.44.78,6,50801,443,PA,1,anomaly
13:35.8,192.168.173.51,20.50.88.238,6,58338,443,FA,1,anomaly
13:36.2,192.168.173.51,20.192.44.78,6,50801,443,PA,1,anomaly
13:37.0,192.168.173.51,142.250.110.188,6,62034,5228,A,1,anomaly
13:37.1,192.168.173.51,20.192.44.78,6,50801,443,PA,1,anomaly
13:38.4,192.168.173.51,20.192.44.78,6,50801,443,PA,1,anomaly
13:39.0,192.168.173.51,20.192.44.78,6,50801,443,PA,1,anomaly
13:39.3,20.192.44.78,192.168.173.51,6,443,50801,A,0,normal
13:39.5,20.50.88.238,192.168.173.51,6,443,58338,FA,0,normal
13:39.5,20.50.88.238,192.168.173.51,6,443,58338,A,0,normal
13:39.5,20.50.88.238,192.168.173.51,6,443,58338,A,0,normal
13:39.5,20.50.88.238,192.168.173.51,6,443,58338,A,0,normal
13:39.5,142.250.110.188,192.168.173.51,6,5228,62034,A,0,normal
13:39.5,20.50.88.238,192.168.173.51,6,443,58338,FA,0,normal
13:39.5,20.192.44.78,192.168.173.51,6,443,50801,A,0,normal
13:39.5,20.192.44.78,192.168.173.51,6,443,50801,A,0,normal
13:39.5,20.192.44.78,192.168.173.51,6,443,50801,A,0,normal
13:39.5,192.168.173.51,20.50.88.238,6,58338,443,A,1,anomaly
13:39.5,192.168.173.51,20.50.88.238,6,58338,443,A,1,anomaly
13:39.5,20.192.44.78,192.168.173.51,6,443,50801,A,1,anomaly
13:40.8,20.192.44.78,192.168.173.51,6,443,50801,A,1,anomaly
13:40.8,20.192.44.78,192.168.173.51,6,443,50801,PA,1,anomaly
13:40.9,192.168.173.51,20.192.44.78,6,50801,443,A,1,anomaly
13:48.2,192.168.173.51,20.199.120.151,6,61935,443,PA,1,anomaly
13:48.4,20.199.120.151,192.168.173.51,6,443,61935,PA,0,normal
13:48.5,192.168.173.51,20.199.120.151,6,61935,443,A,1,anomaly
13:48.9,20.199.120.151,192.168.173.51,6,443,61935,PA,0,normal
13:54.4,192.168.173.51,20.199.120.151,6,61935,443,A,1,anomaly
13:54.4,192.168.173.51,20.192.44.78,6,50801,443,PA,1,anomaly
13:54.6,20.192.44.78,192.168.173.51,6,443,50801,A,1,anomaly
13:55.2,192.168.173.24,224.0.0.251,17,5353,5353,0,0,normal
13:56.8,20.192.44.78,192.168.173.51,6,443,50801,PA,1,anomaly
13:56.9,192.168.173.51,20.192.44.78,6,50801,443,A,1,anomaly
13:59.6,192.168.173.51,192.168.11.252,6,58356,7680,S,1,anomaly
13:59.6,192.168.173.51,192.168.11.76,6,58357,7680,S,1,anomaly
14:00.5,192.168.173.51,20.238.236.234,6,49212,443,A,1,anomaly
14:00.6,192.168.173.51,192.168.11.76,6,58357,7680,S,1,anomaly
14:00.7,192.168.173.51,192.168.11.252,6,58356,7680,S,1,anomaly
14:00.7,20.238.236.234,192.168.173.51,6,443,49212,A,0,normal
14:02.6,192.168.173.51,192.168.11.252,6,58356,7680,S,1,anomaly
14:02.6,192.168.173.51,192.168.11.76,6,58357,7680,S,1,anomaly
14:05.1,192.168.173.51,20.192.44.78,6,50801,443,PA,1,anomaly
14:05.6,20.192.44.78,192.168.173.51,6,443,50801,A,1,anomaly
14:06.6,192.168.173.51,192.168.11.252,6,58356,7680,S,1,anomaly
14:09.4,192.168.173.51,192.168.11.76,6,58357,7680,S,1,anomaly
14:09.4,192.168.173.51,20.192.44.78,6,50801,443,PA,1,anomaly
14:09.8,20.192.44.78,192.168.173.51,6,443,50801,A,1,anomaly
14:11.4,20.238.236.234,192.168.173.51,6,443,49212,PA,0,normal
14:11.4,192.168.173.51,20.238.236.234,6,49212,443,PA,1,anomaly
14:12.7,20.192.44.78,192.168.173.51,6,443,50801,PA,1,anomaly
14:14.7,20.238.236.234,192.168.173.51,6,443,49212,A,0,normal
14:14.7,20.192.44.78,192.168.173.51,6,443,50801,PA,1,anomaly
14:14.7,192.168.173.51,20.192.44.78,6,50801,443,A,1,anomaly
14:14.7,192.168.173.51,192.168.11.252,6,58356,7680,S,1,anomaly
14:15.2,192.168.173.51,192.168.11.76,6,58357,7680,S,1,anomaly
14:15.2,192.168.173.24,224.0.0.251,17,5353,5353,0,0,normal
14:24.3,192.168.173.51,142.250.110.188,6,62034,5228,A,1,anomaly
14:25.2,142.250.110.188,192.168.173.51,6,5228,62034,A,0,normal
14:25.4,192.168.173.51,20.192.44.78,6,50801,443,PA,1,anomaly
14:25.6,20.192.44.78,192.168.173.51,6,443,50801,A,1,anomaly
14:27.8,20.192.44.78,192.168.173.51,6,443,50801,PA,1,anomaly
14:27.9,192.168.173.51,20.192.44.78,6,50801,443,A,1,anomaly
14:33.2,192.168.173.51,20.199.120.151,6,61935,443,PA,1,anomaly
14:33.9,192.168.173.51,20.199.120.151,6,61935,443,PA,1,anomaly
14:34.0,20.199.120.151,192.168.173.51,6,443,61935,PA,0,normal
14:34.1,192.168.173.51,20.199.120.151,6,61935,443,A,1,anomaly
14:34.1,20.199.120.151,192.168.173.51,6,443,61935,PA,0,normal
14:34.2,192.168.173.51,20.199.120.151,6,61935,443,A,1,anomaly
14:34.2,20.199.120.151,192.168.173.51,6,443,61935,A,0,normal
14:35.1,192.168.173.24,224.0.0.251,17,5353,5353,0,0,normal
14:35.1,192.168.173.51,20.192.44.78,6,50801,443,PA,1,anomaly
14:35.6,20.192.44.78,192.168.173.51,6,443,50801,A,1,anomaly
14:39.6,192.168.173.51,192.168.11.88,6,58358,7680,S,1,anomaly
14:39.6,192.168.173.51,192.168.90.12,6,58359,7680,S,1,anomaly
14:40.6,192.168.173.51,192.168.11.88,6,58358,7680,S,1,anomaly
14:41.4,192.168.173.51,192.168.90.12,6,58359,7680,S,1,anomaly
14:41.4,192.168.173.51,20.192.44.78,6,50801,443,PA,1,anomaly
14:42.0,192.168.173.51,20.192.44.78,6,50801,443,PA,1,anomaly
14:42.1,20.192.44.78,192.168.173.51,6,443,50801,A,1,anomaly
14:42.2,20.192.44.78,192.168.173.51,6,443,50801,A,1,anomaly
14:42.6,192.168.173.51,192.168.90.12,6,58359,7680,S,1,anomaly
14:43.1,192.168.173.51,192.168.11.88,6,58358,7680,S,1,anomaly
14:43.1,20.192.44.78,192.168.173.51,6,443,50801,PA,1,anomaly
14:43.1,192.168.173.51,20.192.44.78,6,50801,443,A,1,anomaly
14:45.7,192.168.173.51,239.255.255.250,17,60666,1900,0,1,anomaly
14:45.8,192.168.173.51,239.255.255.250,17,60668,1900,0,1,anomaly
14:46.6,192.168.173.51,192.168.90.12,6,58359,7680,S,1,anomaly
14:46.8,192.168.173.51,192.168.11.88,6,58358,7680,S,1,anomaly
14:46.8,192.168.173.51,239.255.255.250,17,60666,1900,0,1,anomaly
14:46.8,192.168.173.51,239.255.255.250,17,60668,1900,0,1,anomaly
14:47.8,192.168.173.51,239.255.255.250,17,60666,1900,0,1,anomaly
14:47.8,192.168.173.51,239.255.255.250,17,60668,1900,0,1,anomaly
14:48.8,192.168.173.51,239.255.255.250,17,60666,1900,0,1,anomaly
14:48.8,192.168.173.51,239.255.255.250,17,60668,1900,0,1,anomaly
14:51.8,192.168.173.51,20.199.120.151,6,49673,443,PA,1,anomaly
14:52.2,20.199.120.151,192.168.173.51,6,443,49673,PA,0,normal
14:52.3,192.168.173.51,20.199.120.151,6,49673,443,A,1,anomaly
14:54.7,192.168.173.51,192.168.90.12,6,58359,7680,S,1,anomaly
14:55.2,192.168.173.51,192.168.11.88,6,58358,7680,S,1,anomaly
14:55.2,192.168.173.24,224.0.0.251,17,5353,5353,0,0,normal
14:56.4,192.168.173.51,20.192.44.78,6,50801,443,PA,1,anomaly
14:56.6,20.192.44.78,192.168.173.51,6,443,50801,A,1,anomaly
14:57.8,192.168.173.51,20.238.236.234,6,49212,443,A,1,anomaly
14:58.5,20.238.236.234,192.168.173.51,6,443,49212,A,0,normal
14:58.9,20.192.44.78,192.168.173.51,6,443,50801,PA,1,anomaly
14:58.9,192.168.173.51,20.192.44.78,6,50801,443,A,1,anomaly
15:03.9,192.168.173.51,192.168.173.24,17,59857,53,0,1,anomaly
15:04.5,192.168.173.51,192.168.173.24,17,59857,53,0,1,anomaly
15:04.6,192.168.173.24,192.168.173.51,17,53,59857,0,0,normal
15:04.6,192.168.173.51,20.42.73.30,6,58360,443,S,1,anomaly
15:05.1,192.168.173.51,20.192.44.78,6,50801,443,PA,1,anomaly
15:05.6,192.168.173.51,20.42.73.30,6,58360,443,S,1,anomaly
15:05.8,192.168.173.51,20.192.44.78,6,50801,443,PA,1,anomaly
15:06.0,20.192.44.78,192.168.173.51,6,443,50801,A,1,anomaly
15:06.0,20.42.73.30,192.168.173.51,6,443,58360,SA,0,normal
15:06.0,192.168.173.51,20.42.73.30,6,58360,443,A,1,anomaly
15:06.0,192.168.173.51,20.42.73.30,6,58360,443,PA,1,anomaly
15:06.5,20.42.73.30,192.168.173.51,6,443,58360,SA,0,normal
15:06.7,192.168.173.51,20.42.73.30,6,58360,443,A,1,anomaly
15:06.7,20.192.44.78,192.168.173.51,6,443,50801,A,1,anomaly
15:06.8,20.42.73.30,192.168.173.51,6,443,58360,A,0,normal
15:06.9,20.42.73.30,192.168.173.51,6,443,58360,A,0,normal
15:06.9,192.168.173.51,20.42.73.30,6,58360,443,A,1,anomaly
15:06.9,20.42.73.30,192.168.173.51,6,443,58360,A,0,normal
15:06.9,20.42.73.30,192.168.173.51,6,443,58360,PA,0,normal
15:06.9,192.168.173.51,20.42.73.30,6,58360,443,A,1,anomaly
15:06.9,192.168.173.51,20.42.73.30,6,58360,443,PA,1,anomaly
15:07.2,20.42.73.30,192.168.173.51,6,443,58360,PA,0,normal
15:07.2,192.168.173.51,20.42.73.30,6,58360,443,PA,1,anomaly
15:07.2,192.168.173.51,20.42.73.30,6,58360,443,PA,1,anomaly
15:07.2,192.168.173.51,20.42.73.30,6,58360,443,A,1,anomaly
15:07.2,192.168.173.51,20.42.73.30,6,58360,443,PA,1,anomaly
15:07.2,20.42.73.30,192.168.173.51,6,443,58360,PA,0,normal
15:07.5,192.168.173.51,20.42.73.30,6,58360,443,PA,1,anomaly
15:07.5,20.42.73.30,192.168.173.51,6,443,58360,PA,0,normal
15:07.5,20.42.73.30,192.168.173.51,6,443,58360,A,0,normal
15:07.5,192.168.173.51,20.42.73.30,6,58360,443,A,1,anomaly
15:07.6,20.42.73.30,192.168.173.51,6,443,58360,A,0,normal
15:07.6,20.42.73.30,192.168.173.51,6,443,58360,A,0,normal
15:08.4,20.42.73.30,192.168.173.51,6,443,58360,PA,0,normal
15:08.4,192.168.173.51,20.42.73.30,6,58360,443,FA,1,anomaly
15:08.7,20.42.73.30,192.168.173.51,6,443,58360,PA,0,normal
15:10.2,20.42.73.30,192.168.173.51,6,443,58360,FA,0,normal
15:10.2,192.168.173.51,20.42.73.30,6,58360,443,RA,1,anomaly
15:10.2,192.168.173.51,142.250.110.188,6,62034,5228,A,1,anomaly
15:10.4,142.250.110.188,192.168.173.51,6,5228,62034,A,0,normal
15:12.4,192.168.173.51,20.192.44.78,6,50801,443,PA,1,anomaly
15:12.7,20.192.44.78,192.168.173.51,6,443,50801,A,1,anomaly
15:13.8,20.192.44.78,192.168.173.51,6,443,50801,PA,1,anomaly
15:13.9,192.168.173.51,20.192.44.78,6,50801,443,A,1,anomaly
15:14.2,192.168.173.51,192.168.173.24,17,53536,53,0,1,anomaly
15:14.3,192.168.173.51,192.168.173.24,17,56516,53,0,1,anomaly
15:14.3,192.168.173.24,192.168.173.51,17,53,56516,0,0,normal
15:14.3,192.168.173.51,20.103.156.88,6,58361,443,S,1,anomaly
15:14.3,192.168.173.24,192.168.173.51,17,53,53536,0,0,normal
15:14.3,192.168.173.51,20.223.35.26,6,58362,443,S,1,anomaly
15:14.3,192.168.173.51,192.168.173.24,17,56516,53,0,1,anomaly
15:14.3,192.168.173.24,192.168.173.51,17,53,56516,0,0,normal
15:15.2,192.168.173.51,40.126.53.21,6,58363,443,S,1,anomaly
15:15.2,40.126.53.21,192.168.173.51,6,443,58363,SA,0,normal
15:15.2,20.223.35.26,192.168.173.51,6,443,58362,SA,0,normal
15:15.2,20.103.156.88,192.168.173.51,6,443,58361,SA,0,normal
15:15.2,192.168.173.51,40.126.53.21,6,58363,443,A,1,anomaly
15:15.2,192.168.173.51,20.223.35.26,6,58362,443,A,1,anomaly
15:15.3,192.168.173.51,20.103.156.88,6,58361,443,A,1,anomaly
15:15.3,192.168.173.51,40.126.53.21,6,58363,443,PA,1,anomaly
15:15.3,192.168.173.24,224.0.0.251,17,5353,5353,0,0,normal
15:15.5,40.126.53.21,192.168.173.51,6,443,58363,A,0,normal
15:15.5,40.126.53.21,192.168.173.51,6,443,58363,A,0,normal
15:15.5,192.168.173.51,40.126.53.21,6,58363,443,A,1,anomaly
15:15.5,40.126.53.21,192.168.173.51,6,443,58363,A,0,normal
15:15.5,40.126.53.21,192.168.173.51,6,443,58363,PA,0,normal
15:15.5,192.168.173.51,40.126.53.21,6,58363,443,A,1,anomaly
15:15.5,192.168.173.51,40.126.53.21,6,58363,443,PA,1,anomaly
15:15.7,40.126.53.21,192.168.173.51,6,443,58363,PA,0,normal
15:15.8,192.168.173.51,40.126.53.21,6,58363,443,PA,1,anomaly
15:16.0,192.168.173.51,40.126.53.21,6,58363,443,A,1,anomaly
15:16.0,192.168.173.51,40.126.53.21,6,58363,443,A,1,anomaly
15:16.0,192.168.173.51,40.126.53.21,6,58363,443,A,1,anomaly
15:16.0,192.168.173.51,40.126.53.21,6,58363,443,A,1,anomaly
15:16.1,192.168.173.51,40.126.53.21,6,58363,443,A,1,anomaly
15:16.1,192.168.173.51,40.126.53.21,6,58363,443,PA,1,anomaly
15:16.1,40.126.53.21,192.168.173.51,6,443,58363,A,0,normal
15:16.1,40.126.53.21,192.168.173.51,6,443,58363,A,0,normal
15:16.1,40.126.53.21,192.168.173.51,6,443,58363,A,0,normal
15:16.3,40.126.53.21,192.168.173.51,6,443,58363,A,0,normal
15:16.3,192.168.173.51,40.126.53.21,6,58363,443,A,1,anomaly
15:16.8,40.126.53.21,192.168.173.51,6,443,58363,A,0,normal
15:16.9,192.168.173.51,40.126.53.21,6,58363,443,A,1,anomaly
15:17.1,40.126.53.21,192.168.173.51,6,443,58363,A,0,normal
15:17.1,40.126.53.21,192.168.173.51,6,443,58363,A,0,normal
15:17.1,40.126.53.21,192.168.173.51,6,443,58363,A,0,normal
15:17.1,40.126.53.21,192.168.173.51,6,443,58363,A,0,normal
15:17.2,40.126.53.21,192.168.173.51,6,443,58363,A,0,normal
15:17.2,192.168.173.51,40.126.53.21,6,58363,443,A,1,anomaly
15:17.2,40.126.53.21,192.168.173.51,6,443,58363,A,0,normal
15:17.3,40.126.53.21,192.168.173.51,6,443,58363,A,0,normal
15:17.3,192.168.173.51,40.126.53.21,6,58363,443,A,1,anomaly
15:17.3,192.168.173.51,40.126.53.21,6,58363,443,A,1,anomaly
15:17.3,40.126.53.21,192.168.173.51,6,443,58363,A,0,normal
15:17.3,40.126.53.21,192.168.173.51,6,443,58363,A,0,normal
15:17.3,40.126.53.21,192.168.173.51,6,443,58363,A,0,normal
15:17.3,40.126.53.21,192.168.173.51,6,443,58363,A,0,normal
15:17.3,192.168.173.51,40.126.53.21,6,58363,443,A,1,anomaly
15:17.3,40.126.53.21,192.168.173.51,6,443,58363,A,0,normal
15:17.5,40.126.53.21,192.168.173.51,6,443,58363,A,0,normal
15:17.5,192.168.173.51,40.126.53.21,6,58363,443,A,1,anomaly
15:17.5,40.126.53.21,192.168.173.51,6,443,58363,FPA,0,normal
15:17.5,192.168.173.51,40.126.53.21,6,58363,443,A,1,anomaly
15:17.5,192.168.173.51,40.126.53.21,6,58363,443,PA,1,anomaly
15:17.6,192.168.173.51,40.126.53.21,6,58363,443,FA,1,anomaly
15:17.6,40.126.53.21,192.168.173.51,6,443,58363,A,0,normal
15:18.2,192.168.173.51,20.199.120.151,6,61935,443,PA,1,anomaly
15:18.6,20.199.120.151,192.168.173.51,6,443,61935,PA,0,normal
15:18.6,192.168.173.51,20.199.120.151,6,61935,443,A,1,anomaly
15:19.6,192.168.173.51,192.168.60.35,6,58364,7680,S,1,anomaly
15:19.6,192.168.173.51,192.168.90.142,6,58365,7680,S,1,anomaly
15:20.6,192.168.173.51,192.168.60.35,6,58364,7680,S,1,anomaly
15:20.7,192.168.173.51,192.168.90.142,6,58365,7680,S,1,anomaly
15:22.6,192.168.173.51,192.168.60.35,6,58364,7680,S,1,anomaly
15:22.7,192.168.173.51,192.168.90.142,6,58365,7680,S,1,anomaly
15:26.6,192.168.173.51,192.168.60.35,6,58364,7680,S,1,anomaly
15:26.7,192.168.173.51,192.168.90.142,6,58365,7680,S,1,anomaly
15:28.3,192.168.173.51,20.192.44.78,6,50801,443,PA,1,anomaly
15:28.6,192.168.173.51,40.126.53.21,6,58366,443,S,1,anomaly
15:28.7,20.192.44.78,192.168.173.51,6,443,50801,A,1,anomaly
15:28.9,40.126.53.21,192.168.173.51,6,443,58366,SA,0,normal
15:28.9,192.168.173.51,40.126.53.21,6,58366,443,A,1,anomaly
15:28.9,192.168.173.51,40.126.53.21,6,58366,443,PA,1,anomaly
15:29.2,40.126.53.21,192.168.173.51,6,443,58366,A,0,normal
15:29.2,192.168.173.51,40.126.53.21,6,58366,443,A,1,anomaly
15:29.2,40.126.53.21,192.168.173.51,6,443,58366,A,0,normal
15:29.2,40.126.53.21,192.168.173.51,6,443,58366,PA,0,normal
15:29.2,40.126.53.21,192.168.173.51,6,443,58366,A,0,normal
15:29.2,192.168.173.51,40.126.53.21,6,58366,443,A,1,anomaly
15:29.2,192.168.173.51,40.126.53.21,6,58366,443,A,1,anomaly
15:29.2,192.168.173.51,40.126.53.21,6,58366,443,A,1,anomaly
15:29.2,192.168.173.51,40.126.53.21,6,58366,443,PA,1,anomaly
15:29.5,40.126.53.21,192.168.173.51,6,443,58366,PA,0,normal
15:29.5,192.168.173.51,40.126.53.21,6,58366,443,PA,1,anomaly
15:29.8,192.168.173.51,40.126.53.21,6,58366,443,A,1,anomaly
15:29.8,192.168.173.51,40.126.53.21,6,58366,443,A,1,anomaly
15:29.8,192.168.173.51,40.126.53.21,6,58366,443,A,1,anomaly
15:29.8,192.168.173.51,40.126.53.21,6,58366,443,A,1,anomaly
15:29.8,192.168.173.51,40.126.53.21,6,58366,443,A,1,anomaly
15:29.8,192.168.173.51,40.126.53.21,6,58366,443,PA,1,anomaly
15:29.8,40.126.53.21,192.168.173.51,6,443,58366,A,0,normal
15:29.9,40.126.53.21,192.168.173.51,6,443,58366,A,0,normal
15:29.9,20.192.44.78,192.168.173.51,6,443,50801,PA,1,anomaly
15:29.9,40.126.53.21,192.168.173.51,6,443,58366,A,0,normal
15:29.9,192.168.173.51,20.192.44.78,6,50801,443,A,1,anomaly
15:30.0,40.126.53.21,192.168.173.51,6,443,58366,A,0,normal
15:30.1,40.126.53.21,192.168.173.51,6,443,58366,A,0,normal
15:30.1,40.126.53.21,192.168.173.51,6,443,58366,A,0,normal
15:30.1,192.168.173.51,40.126.53.21,6,58366,443,A,1,anomaly
15:30.1,40.126.53.21,192.168.173.51,6,443,58366,A,0,normal
15:30.1,40.126.53.21,192.168.173.51,6,443,58366,A,0,normal
15:30.1,192.168.173.51,40.126.53.21,6,58366,443,A,1,anomaly
15:30.1,40.126.53.21,192.168.173.51,6,443,58366,A,0,normal
15:30.1,40.126.53.21,192.168.173.51,6,443,58366,A,0,normal
15:30.1,192.168.173.51,40.126.53.21,6,58366,443,A,1,anomaly
15:30.1,40.126.53.21,192.168.173.51,6,443,58366,A,0,normal
15:30.1,40.126.53.21,192.168.173.51,6,443,58366,A,0,normal
15:30.1,192.168.173.51,40.126.53.21,6,58366,443,A,1,anomaly
15:30.1,40.126.53.21,192.168.173.51,6,443,58366,A,0,normal
15:30.2,192.168.173.51,40.126.53.21,6,58366,443,A,1,anomaly
15:30.2,40.126.53.21,192.168.173.51,6,443,58366,A,0,normal
15:30.2,192.168.173.51,40.126.53.21,6,58366,443,A,1,anomaly
15:30.2,40.126.53.21,192.168.173.51,6,443,58366,A,0,normal
15:30.2,40.126.53.21,192.168.173.51,6,443,58366,A,0,normal
15:30.2,192.168.173.51,40.126.53.21,6,58366,443,A,1,anomaly
15:30.2,40.126.53.21,192.168.173.51,6,443,58366,A,0,normal
15:30.2,192.168.173.51,40.126.53.21,6,58366,443,A,1,anomaly
15:30.6,40.126.53.21,192.168.173.51,6,443,58366,A,0,normal
15:30.6,40.126.53.21,192.168.173.51,6,443,58366,FPA,0,normal
15:30.6,192.168.173.51,40.126.53.21,6,58366,443,A,1,anomaly
15:30.6,192.168.173.51,40.126.53.21,6,58366,443,PA,1,anomaly
15:30.8,192.168.173.51,40.126.53.21,6,58366,443,FA,1,anomaly
15:30.8,40.126.53.21,192.168.173.51,6,443,58366,A,0,normal
15:34.7,40.126.53.21,192.168.173.51,6,443,58366,A,0,normal
15:34.7,192.168.173.51,192.168.60.35,6,58364,7680,S,1,anomaly
15:34.7,192.168.173.51,192.168.90.142,6,58365,7680,S,1,anomaly
15:35.1,192.168.173.51,20.192.44.78,6,50801,443,PA,1,anomaly
15:35.3,192.168.173.24,224.0.0.251,17,5353,5353,0,0,normal
15:35.3,20.192.44.78,192.168.173.51,6,443,50801,A,1,anomaly
15:43.4,192.168.173.51,20.192.44.78,6,50801,443,PA,1,anomaly
15:43.5,192.168.173.51,20.238.236.234,6,49212,443,A,1,anomaly
15:43.5,20.192.44.78,192.168.173.51,6,443,50801,A,1,anomaly
15:43.9,20.238.236.234,192.168.173.51,6,443,49212,A,0,normal
15:45.9,20.192.44.78,192.168.173.51,6,443,50801,PA,1,anomaly
15:46.0,192.168.173.51,20.192.44.78,6,50801,443,A,1,anomaly
15:50.4,192.168.173.51,224.0.0.251,17,5353,5353,0,1,anomaly
15:51.4,192.168.173.51,224.0.0.251,17,5353,5353,0,1,anomaly
15:55.2,192.168.173.24,224.0.0.251,17,5353,5353,0,0,normal
15:55.4,192.168.173.51,142.250.110.188,6,62034,5228,A,1,anomaly
15:56.4,142.250.110.188,192.168.173.51,6,5228,62034,A,0,normal
15:59.4,192.168.173.51,20.192.44.78,6,50801,443,PA,1,anomaly
15:59.6,192.168.173.51,172.16.220.78,6,58367,7680,S,1,anomaly
15:59.7,192.168.173.51,172.16.192.51,6,58368,7680,S,1,anomaly
16:00.0,192.168.173.51,20.192.44.78,6,50801,443,PA,1,anomaly
16:00.3,20.192.44.78,192.168.173.51,6,443,50801,A,1,anomaly
16:00.6,192.168.173.51,172.16.220.78,6,58367,7680,S,1,anomaly
16:00.7,192.168.173.51,172.16.192.51,6,58368,7680,S,1,anomaly
16:01.6,20.192.44.78,192.168.173.51,6,443,50801,A,1,anomaly
16:01.9,20.192.44.78,192.168.173.51,6,443,50801,PA,1,anomaly
16:01.9,192.168.173.51,20.192.44.78,6,50801,443,A,1,anomaly
16:02.6,192.168.173.51,172.16.220.78,6,58367,7680,S,1,anomaly
16:02.7,192.168.173.51,172.16.192.51,6,58368,7680,S,1,anomaly
16:03.2,192.168.173.51,20.199.120.151,6,61935,443,PA,1,anomaly
16:03.5,20.192.44.78,192.168.173.51,6,443,50801,PA,1,anomaly
16:03.9,192.168.173.51,20.192.44.78,6,50801,443,A,1,anomaly
16:03.9,192.168.173.51,20.199.120.151,6,61935,443,PA,1,anomaly
16:04.8,192.168.173.51,20.199.120.151,6,61935,443,PA,1,anomaly
16:05.1,20.199.120.151,192.168.173.51,6,443,61935,PA,0,normal
16:05.1,192.168.173.51,20.192.44.78,6,50801,443,PA,1,anomaly
16:05.2,192.168.173.51,20.199.120.151,6,61935,443,A,1,anomaly
16:05.6,20.199.120.151,192.168.173.51,6,443,61935,PA,0,normal
16:05.6,192.168.173.51,20.199.120.151,6,61935,443,A,1,anomaly
16:05.6,20.199.120.151,192.168.173.51,6,443,61935,A,0,normal
16:05.8,20.199.120.151,192.168.173.51,6,443,61935,A,0,normal
16:05.8,192.168.173.51,20.192.44.78,6,50801,443,PA,1,anomaly
16:05.9,20.192.44.78,192.168.173.51,6,443,50801,A,1,anomaly
16:06.1,20.199.120.151,192.168.173.51,6,443,61935,PA,0,normal
16:06.4,192.168.173.51,20.199.120.151,6,61935,443,A,1,anomaly
16:06.4,20.192.44.78,192.168.173.51,6,443,50801,A,1,anomaly
16:06.7,192.168.173.51,172.16.220.78,6,58367,7680,S,1,anomaly
16:06.7,192.168.173.51,172.16.192.51,6,58368,7680,S,1,anomaly
16:14.4,192.168.173.51,20.103.156.88,6,58361,443,RA,1,anomaly
16:14.4,192.168.173.51,20.223.35.26,6,58362,443,RA,1,anomaly
16:14.7,192.168.173.51,172.16.220.78,6,58367,7680,S,1,anomaly
16:14.7,192.168.173.51,172.16.192.51,6,58368,7680,S,1,anomaly
16:15.2,192.168.173.24,224.0.0.251,17,5353,5353,0,0,normal
16:15.4,192.168.173.51,20.192.44.78,6,50801,443,PA,1,anomaly
16:15.5,20.192.44.78,192.168.173.51,6,443,50801,A,1,anomaly
16:17.8,20.192.44.78,192.168.173.51,6,443,50801,PA,1,anomaly
16:17.9,192.168.173.51,20.192.44.78,6,50801,443,A,1,anomaly
16:28.9,192.168.173.51,20.238.236.234,6,49212,443,A,1,anomaly
16:29.7,20.238.236.234,192.168.173.51,6,443,49212,A,0,normal
16:30.4,192.168.173.51,20.192.44.78,6,50801,443,PA,1,anomaly
16:31.0,192.168.173.51,20.192.44.78,6,50801,443,PA,1,anomaly
16:31.1,20.192.44.78,192.168.173.51,6,443,50801,A,1,anomaly
16:31.4,20.192.44.78,192.168.173.51,6,443,50801,A,1,anomaly
16:34.7,20.192.44.78,192.168.173.51,6,443,50801,PA,1,anomaly
16:35.1,20.192.44.78,192.168.173.51,6,443,50801,PA,1,anomaly
16:35.1,192.168.173.51,20.192.44.78,6,50801,443,A,1,anomaly
16:35.1,192.168.173.51,20.192.44.78,6,50801,443,PA,1,anomaly
16:35.3,192.168.173.24,224.0.0.251,17,5353,5353,0,0,normal
16:35.5,20.192.44.78,192.168.173.51,6,443,50801,A,1,anomaly
16:39.6,192.168.173.51,192.168.11.90,6,58369,7680,S,1,anomaly
16:39.7,192.168.173.51,192.168.200.56,6,58370,7680,S,1,anomaly
16:40.6,192.168.173.51,192.168.11.90,6,58369,7680,S,1,anomaly
16:40.7,192.168.173.51,192.168.200.56,6,58370,7680,S,1,anomaly
16:41.4,192.168.173.51,142.250.110.188,6,62034,5228,A,1,anomaly
16:42.1,142.250.110.188,192.168.173.51,6,5228,62034,A,0,normal
16:42.6,192.168.173.51,192.168.11.90,6,58369,7680,S,1,anomaly
16:42.7,192.168.173.51,192.168.200.56,6,58370,7680,S,1,anomaly
16:45.4,192.168.173.51,20.192.44.78,6,50801,443,PA,1,anomaly
16:45.8,192.168.173.51,239.255.255.250,17,56518,1900,0,1,anomaly
16:45.8,192.168.173.51,239.255.255.250,17,56520,1900,0,1,anomaly
16:46.0,192.168.173.51,20.192.44.78,6,50801,443,PA,1,anomaly
16:46.7,192.168.173.51,192.168.11.90,6,58369,7680,S,1,anomaly
16:46.7,20.192.44.78,192.168.173.51,6,443,50801,A,1,anomaly
16:46.7,192.168.173.51,192.168.200.56,6,58370,7680,S,1,anomaly
16:46.7,20.192.44.78,192.168.173.51,6,443,50801,A,1,anomaly
16:46.8,192.168.173.51,239.255.255.250,17,56518,1900,0,1,anomaly
16:46.8,192.168.173.51,239.255.255.250,17,56520,1900,0,1,anomaly
16:47.8,192.168.173.51,239.255.255.250,17,56518,1900,0,1,anomaly
16:47.8,192.168.173.51,239.255.255.250,17,56520,1900,0,1,anomaly
16:48.2,192.168.173.51,20.199.120.151,6,61935,443,PA,1,anomaly
16:48.8,20.199.120.151,192.168.173.51,6,443,61935,PA,0,normal
16:48.8,192.168.173.51,239.255.255.250,17,56518,1900,0,1,anomaly
16:48.8,192.168.173.51,20.199.120.151,6,61935,443,A,1,anomaly
16:48.8,192.168.173.51,239.255.255.250,17,56520,1900,0,1,anomaly
16:48.8,20.192.44.78,192.168.173.51,6,443,50801,PA,1,anomaly
16:48.9,192.168.173.51,20.192.44.78,6,50801,443,A,1,anomaly
16:54.7,192.168.173.51,192.168.11.90,6,58369,7680,S,1,anomaly
16:54.7,192.168.173.51,192.168.200.56,6,58370,7680,S,1,anomaly
16:55.4,192.168.173.24,224.0.0.251,17,5353,5353,0,0,normal
17:01.4,192.168.173.51,20.192.44.78,6,50801,443,PA,1,anomaly
17:01.6,20.192.44.78,192.168.173.51,6,443,50801,A,1,anomaly
17:04.9,20.192.44.78,192.168.173.51,6,443,50801,PA,1,anomaly
17:05.0,192.168.173.51,20.192.44.78,6,50801,443,A,1,anomaly
17:05.1,192.168.173.51,20.192.44.78,6,50801,443,PA,1,anomaly
17:05.8,192.168.173.51,20.192.44.78,6,50801,443,PA,1,anomaly
17:05.8,20.192.44.78,192.168.173.51,6,443,50801,A,1,anomaly
17:06.1,20.192.44.78,192.168.173.51,6,443,50801,A,1,anomaly
17:14.7,192.168.173.51,20.238.236.234,6,49212,443,A,1,anomaly
17:15.0,20.238.236.234,192.168.173.51,6,443,49212,A,0,normal
17:15.2,192.168.173.24,224.0.0.251,17,5353,5353,0,0,normal
17:16.4,192.168.173.51,20.192.44.78,6,50801,443,PA,1,anomaly
17:16.6,20.192.44.78,192.168.173.51,6,443,50801,A,1,anomaly
17:19.6,192.168.173.51,192.168.200.188,6,58371,7680,S,1,anomaly
17:19.7,192.168.173.51,172.16.197.247,6,58372,7680,S,1,anomaly
17:19.9,20.192.44.78,192.168.173.51,6,443,50801,PA,1,anomaly
17:19.9,192.168.173.51,20.192.44.78,6,50801,443,A,1,anomaly
17:20.7,192.168.173.51,192.168.200.188,6,58371,7680,S,1,anomaly
17:20.7,192.168.173.51,172.16.197.247,6,58372,7680,S,1,anomaly
17:22.7,192.168.173.51,192.168.200.188,6,58371,7680,S,1,anomaly
17:22.7,192.168.173.51,172.16.197.247,6,58372,7680,S,1,anomaly
17:26.7,192.168.173.51,192.168.200.188,6,58371,7680,S,1,anomaly
17:26.7,192.168.173.51,172.16.197.247,6,58372,7680,S,1,anomaly
17:27.1,192.168.173.51,142.250.110.188,6,62034,5228,A,1,anomaly
17:28.3,142.250.110.188,192.168.173.51,6,5228,62034,A,0,normal
17:32.4,192.168.173.51,20.192.44.78,6,50801,443,PA,1,anomaly
17:32.6,20.192.44.78,192.168.173.51,6,443,50801,A,1,anomaly
17:33.2,192.168.173.51,20.199.120.151,6,61935,443,PA,1,anomaly
17:33.8,20.199.120.151,192.168.173.51,6,443,61935,PA,0,normal
17:33.9,192.168.173.51,20.199.120.151,6,61935,443,A,1,anomaly
17:34.7,192.168.173.51,192.168.200.188,6,58371,7680,S,1,anomaly
17:34.7,192.168.173.51,172.16.197.247,6,58372,7680,S,1,anomaly
17:35.1,192.168.173.51,20.192.44.78,6,50801,443,PA,1,anomaly
17:35.3,192.168.173.24,224.0.0.251,17,5353,5353,0,0,normal
17:35.7,192.168.173.51,20.192.44.78,6,50801,443,PA,1,anomaly
